﻿"Data Source","World Development Indicators",

"Last Updated Date","2015-07-28",

"Country Name","Country Code","Indicator Name","Indicator Code","1960","1961","1962","1963","1964","1965","1966","1967","1968","1969","1970","1971","1972","1973","1974","1975","1976","1977","1978","1979","1980","1981","1982","1983","1984","1985","1986","1987","1988","1989","1990","1991","1992","1993","1994","1995","1996","1997","1998","1999","2000","2001","2002","2003","2004","2005","2006","2007","2008","2009","2010","2011","2012","2013","2014",
"Aruba","ABW","Other greenhouse gas emissions, HFC, PFC and SF6 (thousand metric tons of CO2 equivalent)","EN.ATM.GHGO.KT.CE","","","","","","","","","","","","","","","","","","","","","","","","","","","","","","","","","","","","","","","","","","","","","","","","","","","","","","","",
"Andorra","AND","Other greenhouse gas emissions, HFC, PFC and SF6 (thousand metric tons of CO2 equivalent)","EN.ATM.GHGO.KT.CE","","","","","","","","","","","","","","","","","","","","","","","","","","","","","","","","","","","","","","","","","","","","","","","","","","","","","","","",
"Afghanistan","AFG","Other greenhouse gas emissions, HFC, PFC and SF6 (thousand metric tons of CO2 equivalent)","EN.ATM.GHGO.KT.CE","","","","","","","","","","","","","","","","","","","","","","","","","","","","","","","","","","","","","","","","","","","","","","","","","","","","","","","",
"Angola","AGO","Other greenhouse gas emissions, HFC, PFC and SF6 (thousand metric tons of CO2 equivalent)","EN.ATM.GHGO.KT.CE","","","","","","","","","","","","","","","","","","","","","","","","","","","","","","","0","","","","","","","","","","0.7","","","","","19.3","","","26.5","","31","","","","",
"Albania","ALB","Other greenhouse gas emissions, HFC, PFC and SF6 (thousand metric tons of CO2 equivalent)","EN.ATM.GHGO.KT.CE","","","","","","","","","","","","","","","","","","","","","","","","","","","","","","","0","","","","","","","","","","15.5","","","","","61.8","","","86.9","","105","","","","",
"Arab World","ARB","Other greenhouse gas emissions, HFC, PFC and SF6 (thousand metric tons of CO2 equivalent)","EN.ATM.GHGO.KT.CE","","","","","","","","","","","","","","","","","","","","","","","","","","","","","","","8995.4","","","","","","","","","","6252.6","","","","","8766.4","","","10519.2","","11687","","","","",
"United Arab Emirates","ARE","Other greenhouse gas emissions, HFC, PFC and SF6 (thousand metric tons of CO2 equivalent)","EN.ATM.GHGO.KT.CE","","","","","","","","","","","","","","","","","","","","","","","","","","","","","","","843.4","","","","","","","","","","878.1","","","","","1064.1","","","1279","","1422","","","","",
"Argentina","ARG","Other greenhouse gas emissions, HFC, PFC and SF6 (thousand metric tons of CO2 equivalent)","EN.ATM.GHGO.KT.CE","","","","","","","","","","","","","","","","","","","","","","","","","","","","","","","2296.5","","","","","","","","","","408.8","","","","","664.9","","","872.4","","1084","","","","",
"Armenia","ARM","Other greenhouse gas emissions, HFC, PFC and SF6 (thousand metric tons of CO2 equivalent)","EN.ATM.GHGO.KT.CE","","","","","","","","","","","","","","","","","","","","","","","","","","","","","","","0","","","","","","","","","","42","","","","","332.2","","","469.6","","565","","","","",
"American Samoa","ASM","Other greenhouse gas emissions, HFC, PFC and SF6 (thousand metric tons of CO2 equivalent)","EN.ATM.GHGO.KT.CE","","","","","","","","","","","","","","","","","","","","","","","","","","","","","","","","","","","","","","","","","","","","","","","","","","","","","","","",
"Antigua and Barbuda","ATG","Other greenhouse gas emissions, HFC, PFC and SF6 (thousand metric tons of CO2 equivalent)","EN.ATM.GHGO.KT.CE","","","","","","","","","","","","","","","","","","","","","","","","","","","","","","","","","","","","","","","","","","","","","","","","","","","","","","","",
"Australia","AUS","Other greenhouse gas emissions, HFC, PFC and SF6 (thousand metric tons of CO2 equivalent)","EN.ATM.GHGO.KT.CE","","","","","","","","","","","","","","","","","","","","","","","","","","","","","","","4872.8","","","","","","","","","","4198.3","","","","","6459.6","","","8243.5","","9051","","","","",
"Austria","AUT","Other greenhouse gas emissions, HFC, PFC and SF6 (thousand metric tons of CO2 equivalent)","EN.ATM.GHGO.KT.CE","","","","","","","","","","","","","","","","","","","","","","","","","","","","","","","1437.8","","","","","","","","","","1419.5","","","","","2219.5","","","2862.4","","3254","","","","",
"Azerbaijan","AZE","Other greenhouse gas emissions, HFC, PFC and SF6 (thousand metric tons of CO2 equivalent)","EN.ATM.GHGO.KT.CE","","","","","","","","","","","","","","","","","","","","","","","","","","","","","","","175.6","","","","","","","","","","41.3","","","","","265.1","","","335.3","","283","","","","",
"Burundi","BDI","Other greenhouse gas emissions, HFC, PFC and SF6 (thousand metric tons of CO2 equivalent)","EN.ATM.GHGO.KT.CE","","","","","","","","","","","","","","","","","","","","","","","","","","","","","","","","","","","","","","","","","","","","","","","","","","","","","","","",
"Belgium","BEL","Other greenhouse gas emissions, HFC, PFC and SF6 (thousand metric tons of CO2 equivalent)","EN.ATM.GHGO.KT.CE","","","","","","","","","","","","","","","","","","","","","","","","","","","","","","","141.9","","","","","","","","","","1154.6","","","","","1981.2","","","2578","","2776","","","","",
"Benin","BEN","Other greenhouse gas emissions, HFC, PFC and SF6 (thousand metric tons of CO2 equivalent)","EN.ATM.GHGO.KT.CE","","","","","","","","","","","","","","","","","","","","","","","","","","","","","","","0","","","","","","","","","","0","","","","","0","","","0","","0","","","","",
"Burkina Faso","BFA","Other greenhouse gas emissions, HFC, PFC and SF6 (thousand metric tons of CO2 equivalent)","EN.ATM.GHGO.KT.CE","","","","","","","","","","","","","","","","","","","","","","","","","","","","","","","","","","","","","","","","","","","","","","","","","","","","","","","",
"Bangladesh","BGD","Other greenhouse gas emissions, HFC, PFC and SF6 (thousand metric tons of CO2 equivalent)","EN.ATM.GHGO.KT.CE","","","","","","","","","","","","","","","","","","","","","","","","","","","","","","","0","","","","","","","","","","0","","","","","0","","","0","","0","","","","",
"Bulgaria","BGR","Other greenhouse gas emissions, HFC, PFC and SF6 (thousand metric tons of CO2 equivalent)","EN.ATM.GHGO.KT.CE","","","","","","","","","","","","","","","","","","","","","","","","","","","","","","","2.2","","","","","","","","","","122.2","","","","","380.1","","","526.2","","666","","","","",
"Bahrain","BHR","Other greenhouse gas emissions, HFC, PFC and SF6 (thousand metric tons of CO2 equivalent)","EN.ATM.GHGO.KT.CE","","","","","","","","","","","","","","","","","","","","","","","","","","","","","","","2535.7","","","","","","","","","","236.1","","","","","278.6","","","320.9","","320","","","","",
"Bahamas, The","BHS","Other greenhouse gas emissions, HFC, PFC and SF6 (thousand metric tons of CO2 equivalent)","EN.ATM.GHGO.KT.CE","","","","","","","","","","","","","","","","","","","","","","","","","","","","","","","","","","","","","","","","","","","","","","","","","","","","","","","",
"Bosnia and Herzegovina","BIH","Other greenhouse gas emissions, HFC, PFC and SF6 (thousand metric tons of CO2 equivalent)","EN.ATM.GHGO.KT.CE","","","","","","","","","","","","","","","","","","","","","","","","","","","","","","","616.7","","","","","","","","","","409.7","","","","","566.9","","","753.2","","885","","","","",
"Belarus","BLR","Other greenhouse gas emissions, HFC, PFC and SF6 (thousand metric tons of CO2 equivalent)","EN.ATM.GHGO.KT.CE","","","","","","","","","","","","","","","","","","","","","","","","","","","","","","","2.6","","","","","","","","","","131.6","","","","","463.6","","","635.2","","539","","","","",
"Belize","BLZ","Other greenhouse gas emissions, HFC, PFC and SF6 (thousand metric tons of CO2 equivalent)","EN.ATM.GHGO.KT.CE","","","","","","","","","","","","","","","","","","","","","","","","","","","","","","","","","","","","","","","","","","","","","","","","","","","","","","","",
"Bermuda","BMU","Other greenhouse gas emissions, HFC, PFC and SF6 (thousand metric tons of CO2 equivalent)","EN.ATM.GHGO.KT.CE","","","","","","","","","","","","","","","","","","","","","","","","","","","","","","","","","","","","","","","","","","","","","","","","","","","","","","","",
"Bolivia","BOL","Other greenhouse gas emissions, HFC, PFC and SF6 (thousand metric tons of CO2 equivalent)","EN.ATM.GHGO.KT.CE","","","","","","","","","","","","","","","","","","","","","","","","","","","","","","","0","","","","","","","","","","0","","","","","0","","","0","","0","","","","",
"Brazil","BRA","Other greenhouse gas emissions, HFC, PFC and SF6 (thousand metric tons of CO2 equivalent)","EN.ATM.GHGO.KT.CE","","","","","","","","","","","","","","","","","","","","","","","","","","","","","","","8396.7","","","","","","","","","","5025.2","","","","","8617.5","","","10326.6","","10621","","","","",
"Barbados","BRB","Other greenhouse gas emissions, HFC, PFC and SF6 (thousand metric tons of CO2 equivalent)","EN.ATM.GHGO.KT.CE","","","","","","","","","","","","","","","","","","","","","","","","","","","","","","","","","","","","","","","","","","","","","","","","","","","","","","","",
"Brunei Darussalam","BRN","Other greenhouse gas emissions, HFC, PFC and SF6 (thousand metric tons of CO2 equivalent)","EN.ATM.GHGO.KT.CE","","","","","","","","","","","","","","","","","","","","","","","","","","","","","","","0","","","","","","","","","","100.7","","","","","255.6","","","354.9","","427","","","","",
"Bhutan","BTN","Other greenhouse gas emissions, HFC, PFC and SF6 (thousand metric tons of CO2 equivalent)","EN.ATM.GHGO.KT.CE","","","","","","","","","","","","","","","","","","","","","","","","","","","","","","","","","","","","","","","","","","","","","","","","","","","","","","","",
"Botswana","BWA","Other greenhouse gas emissions, HFC, PFC and SF6 (thousand metric tons of CO2 equivalent)","EN.ATM.GHGO.KT.CE","","","","","","","","","","","","","","","","","","","","","","","","","","","","","","","0","","","","","","","","","","0","","","","","0","","","0","","0","","","","",
"Central African Republic","CAF","Other greenhouse gas emissions, HFC, PFC and SF6 (thousand metric tons of CO2 equivalent)","EN.ATM.GHGO.KT.CE","","","","","","","","","","","","","","","","","","","","","","","","","","","","","","","","","","","","","","","","","","","","","","","","","","","","","","","",
"Canada","CAN","Other greenhouse gas emissions, HFC, PFC and SF6 (thousand metric tons of CO2 equivalent)","EN.ATM.GHGO.KT.CE","","","","","","","","","","","","","","","","","","","","","","","","","","","","","","","12990.6","","","","","","","","","","18247.8","","","","","22330.2","","","25627.3","","29836","","","","",
"Central Europe and the Baltics","CEB","Other greenhouse gas emissions, HFC, PFC and SF6 (thousand metric tons of CO2 equivalent)","EN.ATM.GHGO.KT.CE","","","","","","","","","","","","","","","","","","","","","","","","","","","","","","","4981.9","","","","","","","","","","4466.9","","","","","8777.6","","","11323.4","","14639","","","","",
"Switzerland","CHE","Other greenhouse gas emissions, HFC, PFC and SF6 (thousand metric tons of CO2 equivalent)","EN.ATM.GHGO.KT.CE","","","","","","","","","","","","","","","","","","","","","","","","","","","","","","","902.6","","","","","","","","","","1239.2","","","","","2025","","","2634.1","","2729","","","","",
"Channel Islands","CHI","Other greenhouse gas emissions, HFC, PFC and SF6 (thousand metric tons of CO2 equivalent)","EN.ATM.GHGO.KT.CE","","","","","","","","","","","","","","","","","","","","","","","","","","","","","","","","","","","","","","","","","","","","","","","","","","","","","","","",
"Chile","CHL","Other greenhouse gas emissions, HFC, PFC and SF6 (thousand metric tons of CO2 equivalent)","EN.ATM.GHGO.KT.CE","","","","","","","","","","","","","","","","","","","","","","","","","","","","","","","16.7","","","","","","","","","","6.9","","","","","9.2","","","8.1","","8","","","","",
"China","CHN","Other greenhouse gas emissions, HFC, PFC and SF6 (thousand metric tons of CO2 equivalent)","EN.ATM.GHGO.KT.CE","","","","","","","","","","","","","","","","","","","","","","","","","","","","","","","12353.2","","","","","","","","","","56882","","","","","186253.5","","","211225.8","","249362","","","","",
"Cote d'Ivoire","CIV","Other greenhouse gas emissions, HFC, PFC and SF6 (thousand metric tons of CO2 equivalent)","EN.ATM.GHGO.KT.CE","","","","","","","","","","","","","","","","","","","","","","","","","","","","","","","0","","","","","","","","","","0","","","","","0","","","0","","0","","","","",
"Cameroon","CMR","Other greenhouse gas emissions, HFC, PFC and SF6 (thousand metric tons of CO2 equivalent)","EN.ATM.GHGO.KT.CE","","","","","","","","","","","","","","","","","","","","","","","","","","","","","","","932.3","","","","","","","","","","514.7","","","","","417.5","","","422.1","","353","","","","",
"Congo, Rep.","COG","Other greenhouse gas emissions, HFC, PFC and SF6 (thousand metric tons of CO2 equivalent)","EN.ATM.GHGO.KT.CE","","","","","","","","","","","","","","","","","","","","","","","","","","","","","","","0","","","","","","","","","","0.8","","","","","4.7","","","6.7","","8","","","","",
"Colombia","COL","Other greenhouse gas emissions, HFC, PFC and SF6 (thousand metric tons of CO2 equivalent)","EN.ATM.GHGO.KT.CE","","","","","","","","","","","","","","","","","","","","","","","","","","","","","","","41.9","","","","","","","","","","28.4","","","","","83.1","","","96.9","","106","","","","",
"Comoros","COM","Other greenhouse gas emissions, HFC, PFC and SF6 (thousand metric tons of CO2 equivalent)","EN.ATM.GHGO.KT.CE","","","","","","","","","","","","","","","","","","","","","","","","","","","","","","","","","","","","","","","","","","","","","","","","","","","","","","","",
"Cabo Verde","CPV","Other greenhouse gas emissions, HFC, PFC and SF6 (thousand metric tons of CO2 equivalent)","EN.ATM.GHGO.KT.CE","","","","","","","","","","","","","","","","","","","","","","","","","","","","","","","","","","","","","","","","","","","","","","","","","","","","","","","",
"Costa Rica","CRI","Other greenhouse gas emissions, HFC, PFC and SF6 (thousand metric tons of CO2 equivalent)","EN.ATM.GHGO.KT.CE","","","","","","","","","","","","","","","","","","","","","","","","","","","","","","","0","","","","","","","","","","25.2","","","","","61.5","","","83.2","","98","","","","",
"Caribbean small states","CSS","Other greenhouse gas emissions, HFC, PFC and SF6 (thousand metric tons of CO2 equivalent)","EN.ATM.GHGO.KT.CE","","","","","","","","","","","","","","","","","","","","","","","","","","","","","","","","","","","","","","","","","","","","","","","","","","","","","","","",
"Cuba","CUB","Other greenhouse gas emissions, HFC, PFC and SF6 (thousand metric tons of CO2 equivalent)","EN.ATM.GHGO.KT.CE","","","","","","","","","","","","","","","","","","","","","","","","","","","","","","","0","","","","","","","","","","34.2","","","","","127.8","","","185.9","","226","","","","",
"Curacao","CUW","Other greenhouse gas emissions, HFC, PFC and SF6 (thousand metric tons of CO2 equivalent)","EN.ATM.GHGO.KT.CE","","","","","","","","","","","","","","","","","","","","","","","","","","","","","","","","","","","","","","","","","","","","","","","","","","","","","","","",
"Cayman Islands","CYM","Other greenhouse gas emissions, HFC, PFC and SF6 (thousand metric tons of CO2 equivalent)","EN.ATM.GHGO.KT.CE","","","","","","","","","","","","","","","","","","","","","","","","","","","","","","","","","","","","","","","","","","","","","","","","","","","","","","","",
"Cyprus","CYP","Other greenhouse gas emissions, HFC, PFC and SF6 (thousand metric tons of CO2 equivalent)","EN.ATM.GHGO.KT.CE","","","","","","","","","","","","","","","","","","","","","","","","","","","","","","","0","","","","","","","","","","78.4","","","","","188.3","","","256.1","","304","","","","",
"Czech Republic","CZE","Other greenhouse gas emissions, HFC, PFC and SF6 (thousand metric tons of CO2 equivalent)","EN.ATM.GHGO.KT.CE","","","","","","","","","","","","","","","","","","","","","","","","","","","","","","","6.2","","","","","","","","","","441.3","","","","","1111.8","","","1497","","3658","","","","",
"Germany","DEU","Other greenhouse gas emissions, HFC, PFC and SF6 (thousand metric tons of CO2 equivalent)","EN.ATM.GHGO.KT.CE","","","","","","","","","","","","","","","","","","","","","","","","","","","","","","","12545.7","","","","","","","","","","18513.9","","","","","21517.5","","","27037.8","","26004","","","","",
"Djibouti","DJI","Other greenhouse gas emissions, HFC, PFC and SF6 (thousand metric tons of CO2 equivalent)","EN.ATM.GHGO.KT.CE","","","","","","","","","","","","","","","","","","","","","","","","","","","","","","","","","","","","","","","","","","","","","","","","","","","","","","","",
"Dominica","DMA","Other greenhouse gas emissions, HFC, PFC and SF6 (thousand metric tons of CO2 equivalent)","EN.ATM.GHGO.KT.CE","","","","","","","","","","","","","","","","","","","","","","","","","","","","","","","","","","","","","","","","","","","","","","","","","","","","","","","",
"Denmark","DNK","Other greenhouse gas emissions, HFC, PFC and SF6 (thousand metric tons of CO2 equivalent)","EN.ATM.GHGO.KT.CE","","","","","","","","","","","","","","","","","","","","","","","","","","","","","","","88.4","","","","","","","","","","767","","","","","1302.5","","","1684.5","","1750","","","","",
"Dominican Republic","DOM","Other greenhouse gas emissions, HFC, PFC and SF6 (thousand metric tons of CO2 equivalent)","EN.ATM.GHGO.KT.CE","","","","","","","","","","","","","","","","","","","","","","","","","","","","","","","0","","","","","","","","","","0","","","","","0","","","0","","0","","","","",
"Algeria","DZA","Other greenhouse gas emissions, HFC, PFC and SF6 (thousand metric tons of CO2 equivalent)","EN.ATM.GHGO.KT.CE","","","","","","","","","","","","","","","","","","","","","","","","","","","","","","","326","","","","","","","","","","371.9","","","","","487.4","","","613.9","","701","","","","",
"East Asia & Pacific (developing only)","EAP","Other greenhouse gas emissions, HFC, PFC and SF6 (thousand metric tons of CO2 equivalent)","EN.ATM.GHGO.KT.CE","","","","","","","","","","","","","","","","","","","","","","","","","","","","","","","","","","","","","","","","","","","","","","","","","","","","","","","",
"East Asia & Pacific (all income levels)","EAS","Other greenhouse gas emissions, HFC, PFC and SF6 (thousand metric tons of CO2 equivalent)","EN.ATM.GHGO.KT.CE","","","","","","","","","","","","","","","","","","","","","","","","","","","","","","","","","","","","","","","","","","","","","","","","","","","","","","","",
"Europe & Central Asia (developing only)","ECA","Other greenhouse gas emissions, HFC, PFC and SF6 (thousand metric tons of CO2 equivalent)","EN.ATM.GHGO.KT.CE","","","","","","","","","","","","","","","","","","","","","","","","","","","","","","","9170.1","","","","","","","","","","7640.7","","","","","14534.1","","","19249","","21887","","","","",
"Europe & Central Asia (all income levels)","ECS","Other greenhouse gas emissions, HFC, PFC and SF6 (thousand metric tons of CO2 equivalent)","EN.ATM.GHGO.KT.CE","","","","","","","","","","","","","","","","","","","","","","","","","","","","","","","97230.8","","","","","","","","","","142823.1","","","","","172241.8","","","206051.4","","206167","","","","",
"Ecuador","ECU","Other greenhouse gas emissions, HFC, PFC and SF6 (thousand metric tons of CO2 equivalent)","EN.ATM.GHGO.KT.CE","","","","","","","","","","","","","","","","","","","","","","","","","","","","","","","0","","","","","","","","","","19.7","","","","","62.2","","","86.7","","104","","","","",
"Egypt, Arab Rep.","EGY","Other greenhouse gas emissions, HFC, PFC and SF6 (thousand metric tons of CO2 equivalent)","EN.ATM.GHGO.KT.CE","","","","","","","","","","","","","","","","","","","","","","","","","","","","","","","2050.5","","","","","","","","","","2565.6","","","","","3189.8","","","3622.8","","3887","","","","",
"Euro area","EMU","Other greenhouse gas emissions, HFC, PFC and SF6 (thousand metric tons of CO2 equivalent)","EN.ATM.GHGO.KT.CE","","","","","","","","","","","","","","","","","","","","","","","","","","","","","","","43401.3","","","","","","","","","","64129.8","","","","","71531.1","","","89324.3","","96269","","","","",
"Eritrea","ERI","Other greenhouse gas emissions, HFC, PFC and SF6 (thousand metric tons of CO2 equivalent)","EN.ATM.GHGO.KT.CE","","","","","","","","","","","","","","","","","","","","","","","","","","","","","","","0","","","","","","","","","","0","","","","","0","","","0","","0","","","","",
"Spain","ESP","Other greenhouse gas emissions, HFC, PFC and SF6 (thousand metric tons of CO2 equivalent)","EN.ATM.GHGO.KT.CE","","","","","","","","","","","","","","","","","","","","","","","","","","","","","","","6146","","","","","","","","","","8037.1","","","","","9055.1","","","11347.8","","12139","","","","",
"Estonia","EST","Other greenhouse gas emissions, HFC, PFC and SF6 (thousand metric tons of CO2 equivalent)","EN.ATM.GHGO.KT.CE","","","","","","","","","","","","","","","","","","","","","","","","","","","","","","","2.1","","","","","","","","","","13.3","","","","","39.4","","","53.3","","63","","","","",
"Ethiopia","ETH","Other greenhouse gas emissions, HFC, PFC and SF6 (thousand metric tons of CO2 equivalent)","EN.ATM.GHGO.KT.CE","","","","","","","","","","","","","","","","","","","","","","","","","","","","","","","0","","","","","","","","","","3.6","","","","","10.3","","","13.3","","16","","","","",
"European Union","EUU","Other greenhouse gas emissions, HFC, PFC and SF6 (thousand metric tons of CO2 equivalent)","EN.ATM.GHGO.KT.CE","","","","","","","","","","","","","","","","","","","","","","","","","","","","","","","53763.2","","","","","","","","","","78334.9","","","","","91436.6","","","114152.1","","124256","","","","",
"Fragile and conflict affected situations","FCS","Other greenhouse gas emissions, HFC, PFC and SF6 (thousand metric tons of CO2 equivalent)","EN.ATM.GHGO.KT.CE","","","","","","","","","","","","","","","","","","","","","","","","","","","","","","","","","","","","","","","","","","","","","","","","","","","","","","","",
"Finland","FIN","Other greenhouse gas emissions, HFC, PFC and SF6 (thousand metric tons of CO2 equivalent)","EN.ATM.GHGO.KT.CE","","","","","","","","","","","","","","","","","","","","","","","","","","","","","","","100.2","","","","","","","","","","521.8","","","","","822.5","","","1079.5","","1288","","","","",
"Fiji","FJI","Other greenhouse gas emissions, HFC, PFC and SF6 (thousand metric tons of CO2 equivalent)","EN.ATM.GHGO.KT.CE","","","","","","","","","","","","","","","","","","","","","","","","","","","","","","","","","","","","","","","","","","","","","","","","","","","","","","","",
"France","FRA","Other greenhouse gas emissions, HFC, PFC and SF6 (thousand metric tons of CO2 equivalent)","EN.ATM.GHGO.KT.CE","","","","","","","","","","","","","","","","","","","","","","","","","","","","","","","9468.2","","","","","","","","","","12971.2","","","","","15039.2","","","19205","","20733","","","","",
"Faeroe Islands","FRO","Other greenhouse gas emissions, HFC, PFC and SF6 (thousand metric tons of CO2 equivalent)","EN.ATM.GHGO.KT.CE","","","","","","","","","","","","","","","","","","","","","","","","","","","","","","","","","","","","","","","","","","","","","","","","","","","","","","","",
"Micronesia, Fed. Sts.","FSM","Other greenhouse gas emissions, HFC, PFC and SF6 (thousand metric tons of CO2 equivalent)","EN.ATM.GHGO.KT.CE","","","","","","","","","","","","","","","","","","","","","","","","","","","","","","","","","","","","","","","","","","","","","","","","","","","","","","","",
"Gabon","GAB","Other greenhouse gas emissions, HFC, PFC and SF6 (thousand metric tons of CO2 equivalent)","EN.ATM.GHGO.KT.CE","","","","","","","","","","","","","","","","","","","","","","","","","","","","","","","0","","","","","","","","","","2.9","","","","","8.4","","","11.8","","14","","","","",
"United Kingdom","GBR","Other greenhouse gas emissions, HFC, PFC and SF6 (thousand metric tons of CO2 equivalent)","EN.ATM.GHGO.KT.CE","","","","","","","","","","","","","","","","","","","","","","","","","","","","","","","5244.2","","","","","","","","","","8376.7","","","","","10189","","","12797.3","","14291","","","","",
"Georgia","GEO","Other greenhouse gas emissions, HFC, PFC and SF6 (thousand metric tons of CO2 equivalent)","EN.ATM.GHGO.KT.CE","","","","","","","","","","","","","","","","","","","","","","","","","","","","","","","0","","","","","","","","","","2.5","","","","","11.8","","","16.7","","20","","","","",
"Ghana","GHA","Other greenhouse gas emissions, HFC, PFC and SF6 (thousand metric tons of CO2 equivalent)","EN.ATM.GHGO.KT.CE","","","","","","","","","","","","","","","","","","","","","","","","","","","","","","","596.2","","","","","","","","","","148","","","","","14.7","","","11.2","","13","","","","",
"Guinea","GIN","Other greenhouse gas emissions, HFC, PFC and SF6 (thousand metric tons of CO2 equivalent)","EN.ATM.GHGO.KT.CE","","","","","","","","","","","","","","","","","","","","","","","","","","","","","","","","","","","","","","","","","","","","","","","","","","","","","","","",
"Gambia, The","GMB","Other greenhouse gas emissions, HFC, PFC and SF6 (thousand metric tons of CO2 equivalent)","EN.ATM.GHGO.KT.CE","","","","","","","","","","","","","","","","","","","","","","","","","","","","","","","","","","","","","","","","","","","","","","","","","","","","","","","",
"Guinea-Bissau","GNB","Other greenhouse gas emissions, HFC, PFC and SF6 (thousand metric tons of CO2 equivalent)","EN.ATM.GHGO.KT.CE","","","","","","","","","","","","","","","","","","","","","","","","","","","","","","","","","","","","","","","","","","","","","","","","","","","","","","","",
"Equatorial Guinea","GNQ","Other greenhouse gas emissions, HFC, PFC and SF6 (thousand metric tons of CO2 equivalent)","EN.ATM.GHGO.KT.CE","","","","","","","","","","","","","","","","","","","","","","","","","","","","","","","","","","","","","","","","","","","","","","","","","","","","","","","",
"Greece","GRC","Other greenhouse gas emissions, HFC, PFC and SF6 (thousand metric tons of CO2 equivalent)","EN.ATM.GHGO.KT.CE","","","","","","","","","","","","","","","","","","","","","","","","","","","","","","","2318.5","","","","","","","","","","2811.5","","","","","2157","","","1250.2","","1407","","","","",
"Grenada","GRD","Other greenhouse gas emissions, HFC, PFC and SF6 (thousand metric tons of CO2 equivalent)","EN.ATM.GHGO.KT.CE","","","","","","","","","","","","","","","","","","","","","","","","","","","","","","","","","","","","","","","","","","","","","","","","","","","","","","","",
"Greenland","GRL","Other greenhouse gas emissions, HFC, PFC and SF6 (thousand metric tons of CO2 equivalent)","EN.ATM.GHGO.KT.CE","","","","","","","","","","","","","","","","","","","","","","","","","","","","","","","","","","","","","","","","","","","","","","","","","","","","","","","",
"Guatemala","GTM","Other greenhouse gas emissions, HFC, PFC and SF6 (thousand metric tons of CO2 equivalent)","EN.ATM.GHGO.KT.CE","","","","","","","","","","","","","","","","","","","","","","","","","","","","","","","0.1","","","","","","","","","","157.6","","","","","477.8","","","665.8","","797","","","","",
"Guam","GUM","Other greenhouse gas emissions, HFC, PFC and SF6 (thousand metric tons of CO2 equivalent)","EN.ATM.GHGO.KT.CE","","","","","","","","","","","","","","","","","","","","","","","","","","","","","","","","","","","","","","","","","","","","","","","","","","","","","","","",
"Guyana","GUY","Other greenhouse gas emissions, HFC, PFC and SF6 (thousand metric tons of CO2 equivalent)","EN.ATM.GHGO.KT.CE","","","","","","","","","","","","","","","","","","","","","","","","","","","","","","","","","","","","","","","","","","","","","","","","","","","","","","","",
"High income","HIC","Other greenhouse gas emissions, HFC, PFC and SF6 (thousand metric tons of CO2 equivalent)","EN.ATM.GHGO.KT.CE","","","","","","","","","","","","","","","","","","","","","","","","","","","","","","","249155.8","","","","","","","","","","410498.8","","","","","507780.9","","","610749.1","","678615","","","","",
"Hong Kong SAR, China","HKG","Other greenhouse gas emissions, HFC, PFC and SF6 (thousand metric tons of CO2 equivalent)","EN.ATM.GHGO.KT.CE","","","","","","","","","","","","","","","","","","","","","","","","","","","","","","","379","","","","","","","","","","155.3","","","","","119","","","137.4","","150","","","","",
"Honduras","HND","Other greenhouse gas emissions, HFC, PFC and SF6 (thousand metric tons of CO2 equivalent)","EN.ATM.GHGO.KT.CE","","","","","","","","","","","","","","","","","","","","","","","","","","","","","","","0","","","","","","","","","","0","","","","","0","","","0","","0","","","","",
"Heavily indebted poor countries (HIPC)","HPC","Other greenhouse gas emissions, HFC, PFC and SF6 (thousand metric tons of CO2 equivalent)","EN.ATM.GHGO.KT.CE","","","","","","","","","","","","","","","","","","","","","","","","","","","","","","","","","","","","","","","","","","","","","","","","","","","","","","","",
"Croatia","HRV","Other greenhouse gas emissions, HFC, PFC and SF6 (thousand metric tons of CO2 equivalent)","EN.ATM.GHGO.KT.CE","","","","","","","","","","","","","","","","","","","","","","","","","","","","","","","890.4","","","","","","","","","","79.3","","","","","58.4","","","77.3","","89","","","","",
"Haiti","HTI","Other greenhouse gas emissions, HFC, PFC and SF6 (thousand metric tons of CO2 equivalent)","EN.ATM.GHGO.KT.CE","","","","","","","","","","","","","","","","","","","","","","","","","","","","","","","0","","","","","","","","","","0","","","","","0","","","0","","0","","","","",
"Hungary","HUN","Other greenhouse gas emissions, HFC, PFC and SF6 (thousand metric tons of CO2 equivalent)","EN.ATM.GHGO.KT.CE","","","","","","","","","","","","","","","","","","","","","","","","","","","","","","","702","","","","","","","","","","761.9","","","","","1505.1","","","1684.5","","1778","","","","",
"Indonesia","IDN","Other greenhouse gas emissions, HFC, PFC and SF6 (thousand metric tons of CO2 equivalent)","EN.ATM.GHGO.KT.CE","","","","","","","","","","","","","","","","","","","","","","","","","","","","","","","1720.7","","","","","","","","","","997.4","","","","","1020.5","","","1146","","1241","","","","",
"Isle of Man","IMN","Other greenhouse gas emissions, HFC, PFC and SF6 (thousand metric tons of CO2 equivalent)","EN.ATM.GHGO.KT.CE","","","","","","","","","","","","","","","","","","","","","","","","","","","","","","","","","","","","","","","","","","","","","","","","","","","","","","","",
"India","IND","Other greenhouse gas emissions, HFC, PFC and SF6 (thousand metric tons of CO2 equivalent)","EN.ATM.GHGO.KT.CE","","","","","","","","","","","","","","","","","","","","","","","","","","","","","","","9563.6","","","","","","","","","","13550.7","","","","","15539.7","","","20406.9","","20937","","","","",
"Not classified","INX","Other greenhouse gas emissions, HFC, PFC and SF6 (thousand metric tons of CO2 equivalent)","EN.ATM.GHGO.KT.CE","","","","","","","","","","","","","","","","","","","","","","","","","","","","","","","","","","","","","","","","","","","","","","","","","","","","","","","",
"Ireland","IRL","Other greenhouse gas emissions, HFC, PFC and SF6 (thousand metric tons of CO2 equivalent)","EN.ATM.GHGO.KT.CE","","","","","","","","","","","","","","","","","","","","","","","","","","","","","","","36.4","","","","","","","","","","908.4","","","","","1143.3","","","1306.1","","1291","","","","",
"Iran, Islamic Rep.","IRN","Other greenhouse gas emissions, HFC, PFC and SF6 (thousand metric tons of CO2 equivalent)","EN.ATM.GHGO.KT.CE","","","","","","","","","","","","","","","","","","","","","","","","","","","","","","","2590.8","","","","","","","","","","1833.4","","","","","2464","","","2828.5","","3097","","","","",
"Iraq","IRQ","Other greenhouse gas emissions, HFC, PFC and SF6 (thousand metric tons of CO2 equivalent)","EN.ATM.GHGO.KT.CE","","","","","","","","","","","","","","","","","","","","","","","","","","","","","","","252.9","","","","","","","","","","156.1","","","","","86","","","101.7","","112","","","","",
"Iceland","ISL","Other greenhouse gas emissions, HFC, PFC and SF6 (thousand metric tons of CO2 equivalent)","EN.ATM.GHGO.KT.CE","","","","","","","","","","","","","","","","","","","","","","","","","","","","","","","1036.9","","","","","","","","","","144.8","","","","","151.7","","","358.5","","207","","","","",
"Israel","ISR","Other greenhouse gas emissions, HFC, PFC and SF6 (thousand metric tons of CO2 equivalent)","EN.ATM.GHGO.KT.CE","","","","","","","","","","","","","","","","","","","","","","","","","","","","","","","1049.4","","","","","","","","","","1787.6","","","","","1967.4","","","2452.1","","2777","","","","",
"Italy","ITA","Other greenhouse gas emissions, HFC, PFC and SF6 (thousand metric tons of CO2 equivalent)","EN.ATM.GHGO.KT.CE","","","","","","","","","","","","","","","","","","","","","","","","","","","","","","","4074","","","","","","","","","","8752.3","","","","","10386","","","13325.4","","15541","","","","",
"Jamaica","JAM","Other greenhouse gas emissions, HFC, PFC and SF6 (thousand metric tons of CO2 equivalent)","EN.ATM.GHGO.KT.CE","","","","","","","","","","","","","","","","","","","","","","","","","","","","","","","0","","","","","","","","","","17.8","","","","","50.3","","","70.3","","84","","","","",
"Jordan","JOR","Other greenhouse gas emissions, HFC, PFC and SF6 (thousand metric tons of CO2 equivalent)","EN.ATM.GHGO.KT.CE","","","","","","","","","","","","","","","","","","","","","","","","","","","","","","","0","","","","","","","","","","19.7","","","","","110.3","","","158.8","","193","","","","",
"Japan","JPN","Other greenhouse gas emissions, HFC, PFC and SF6 (thousand metric tons of CO2 equivalent)","EN.ATM.GHGO.KT.CE","","","","","","","","","","","","","","","","","","","","","","","","","","","","","","","28280.1","","","","","","","","","","50326.2","","","","","52914.4","","","63750.7","","70793","","","","",
"Kazakhstan","KAZ","Other greenhouse gas emissions, HFC, PFC and SF6 (thousand metric tons of CO2 equivalent)","EN.ATM.GHGO.KT.CE","","","","","","","","","","","","","","","","","","","","","","","","","","","","","","","0","","","","","","","","","","57.5","","","","","336.7","","","482.9","","584","","","","",
"Kenya","KEN","Other greenhouse gas emissions, HFC, PFC and SF6 (thousand metric tons of CO2 equivalent)","EN.ATM.GHGO.KT.CE","","","","","","","","","","","","","","","","","","","","","","","","","","","","","","","0","","","","","","","","","","0","","","","","0","","","0","","0","","","","",
"Kyrgyz Republic","KGZ","Other greenhouse gas emissions, HFC, PFC and SF6 (thousand metric tons of CO2 equivalent)","EN.ATM.GHGO.KT.CE","","","","","","","","","","","","","","","","","","","","","","","","","","","","","","","0","","","","","","","","","","7.9","","","","","24","","","34.8","","42","","","","",
"Cambodia","KHM","Other greenhouse gas emissions, HFC, PFC and SF6 (thousand metric tons of CO2 equivalent)","EN.ATM.GHGO.KT.CE","","","","","","","","","","","","","","","","","","","","","","","","","","","","","","","0","","","","","","","","","","0","","","","","0","","","0","","0","","","","",
"Kiribati","KIR","Other greenhouse gas emissions, HFC, PFC and SF6 (thousand metric tons of CO2 equivalent)","EN.ATM.GHGO.KT.CE","","","","","","","","","","","","","","","","","","","","","","","","","","","","","","","","","","","","","","","","","","","","","","","","","","","","","","","",
"St. Kitts and Nevis","KNA","Other greenhouse gas emissions, HFC, PFC and SF6 (thousand metric tons of CO2 equivalent)","EN.ATM.GHGO.KT.CE","","","","","","","","","","","","","","","","","","","","","","","","","","","","","","","","","","","","","","","","","","","","","","","","","","","","","","","",
"Korea, Rep.","KOR","Other greenhouse gas emissions, HFC, PFC and SF6 (thousand metric tons of CO2 equivalent)","EN.ATM.GHGO.KT.CE","","","","","","","","","","","","","","","","","","","","","","","","","","","","","","","6157.2","","","","","","","","","","14587.3","","","","","12003.3","","","11172.9","","10905","","","","",
"Kosovo","","Other greenhouse gas emissions, HFC, PFC and SF6 (thousand metric tons of CO2 equivalent)","EN.ATM.GHGO.KT.CE","","","","","","","","","","","","","","","","","","","","","","","","","","","","","","","","","","","","","","","","","","","","","","","","","","","0","","","","",
"Kuwait","KWT","Other greenhouse gas emissions, HFC, PFC and SF6 (thousand metric tons of CO2 equivalent)","EN.ATM.GHGO.KT.CE","","","","","","","","","","","","","","","","","","","","","","","","","","","","","","","263.1","","","","","","","","","","498.2","","","","","925.6","","","1235.4","","1451","","","","",
"Latin America & Caribbean (developing only)","LAC","Other greenhouse gas emissions, HFC, PFC and SF6 (thousand metric tons of CO2 equivalent)","EN.ATM.GHGO.KT.CE","","","","","","","","","","","","","","","","","","","","","","","","","","","","","","","11404.5","","","","","","","","","","10185.8","","","","","17363.7","","","21332.8","","21724","","","","",
"Lao PDR","LAO","Other greenhouse gas emissions, HFC, PFC and SF6 (thousand metric tons of CO2 equivalent)","EN.ATM.GHGO.KT.CE","","","","","","","","","","","","","","","","","","","","","","","","","","","","","","","","","","","","","","","","","","","","","","","","","","","","","","","",
"Lebanon","LBN","Other greenhouse gas emissions, HFC, PFC and SF6 (thousand metric tons of CO2 equivalent)","EN.ATM.GHGO.KT.CE","","","","","","","","","","","","","","","","","","","","","","","","","","","","","","","0","","","","","","","","","","0","","","","","0","","","0","","0","","","","",
"Liberia","LBR","Other greenhouse gas emissions, HFC, PFC and SF6 (thousand metric tons of CO2 equivalent)","EN.ATM.GHGO.KT.CE","","","","","","","","","","","","","","","","","","","","","","","","","","","","","","","","","","","","","","","","","","","","","","","","","","","","","","","",
"Libya","LBY","Other greenhouse gas emissions, HFC, PFC and SF6 (thousand metric tons of CO2 equivalent)","EN.ATM.GHGO.KT.CE","","","","","","","","","","","","","","","","","","","","","","","","","","","","","","","282.4","","","","","","","","","","178.2","","","","","280.3","","","331.5","","366","","","","",
"St. Lucia","LCA","Other greenhouse gas emissions, HFC, PFC and SF6 (thousand metric tons of CO2 equivalent)","EN.ATM.GHGO.KT.CE","","","","","","","","","","","","","","","","","","","","","","","","","","","","","","","","","","","","","","","","","","","","","","","","","","","","","","","",
"Latin America & Caribbean (all income levels)","LCN","Other greenhouse gas emissions, HFC, PFC and SF6 (thousand metric tons of CO2 equivalent)","EN.ATM.GHGO.KT.CE","","","","","","","","","","","","","","","","","","","","","","","","","","","","","","","16965.8","","","","","","","","","","11755.3","","","","","19346.1","","","24139.4","","25205","","","","",
"Least developed countries: UN classification","LDC","Other greenhouse gas emissions, HFC, PFC and SF6 (thousand metric tons of CO2 equivalent)","EN.ATM.GHGO.KT.CE","","","","","","","","","","","","","","","","","","","","","","","","","","","","","","","","","","","","","","","","","","","","","","","","","","","","","","","",
"Low income","LIC","Other greenhouse gas emissions, HFC, PFC and SF6 (thousand metric tons of CO2 equivalent)","EN.ATM.GHGO.KT.CE","","","","","","","","","","","","","","","","","","","","","","","","","","","","","","","","","","","","","","","","","","","","","","","","","","","","","","","",
"Liechtenstein","LIE","Other greenhouse gas emissions, HFC, PFC and SF6 (thousand metric tons of CO2 equivalent)","EN.ATM.GHGO.KT.CE","","","","","","","","","","","","","","","","","","","","","","","","","","","","","","","","","","","","","","","","","","","","","","","","","","","","","","","",
"Sri Lanka","LKA","Other greenhouse gas emissions, HFC, PFC and SF6 (thousand metric tons of CO2 equivalent)","EN.ATM.GHGO.KT.CE","","","","","","","","","","","","","","","","","","","","","","","","","","","","","","","0","","","","","","","","","","0","","","","","0","","","0","","0","","","","",
"Lower middle income","LMC","Other greenhouse gas emissions, HFC, PFC and SF6 (thousand metric tons of CO2 equivalent)","EN.ATM.GHGO.KT.CE","","","","","","","","","","","","","","","","","","","","","","","","","","","","","","","19306.4","","","","","","","","","","20314.3","","","","","24653.4","","","31267","","32843","","","","",
"Low & middle income","LMY","Other greenhouse gas emissions, HFC, PFC and SF6 (thousand metric tons of CO2 equivalent)","EN.ATM.GHGO.KT.CE","","","","","","","","","","","","","","","","","","","","","","","","","","","","","","","56174.6","","","","","","","","","","100403.2","","","","","251365.1","","","293234.5","","336828","","","","",
"Lesotho","LSO","Other greenhouse gas emissions, HFC, PFC and SF6 (thousand metric tons of CO2 equivalent)","EN.ATM.GHGO.KT.CE","","","","","","","","","","","","","","","","","","","","","","","","","","","","","","","","","","","","","","","","","","","","","","","","","","","","","","","",
"Lithuania","LTU","Other greenhouse gas emissions, HFC, PFC and SF6 (thousand metric tons of CO2 equivalent)","EN.ATM.GHGO.KT.CE","","","","","","","","","","","","","","","","","","","","","","","","","","","","","","","1","","","","","","","","","","172.9","","","","","650.3","","","923.9","","1301","","","","",
"Luxembourg","LUX","Other greenhouse gas emissions, HFC, PFC and SF6 (thousand metric tons of CO2 equivalent)","EN.ATM.GHGO.KT.CE","","","","","","","","","","","","","","","","","","","","","","","","","","","","","","","0.2","","","","","","","","","","52.1","","","","","100.6","","","132.4","","146","","","","",
"Latvia","LVA","Other greenhouse gas emissions, HFC, PFC and SF6 (thousand metric tons of CO2 equivalent)","EN.ATM.GHGO.KT.CE","","","","","","","","","","","","","","","","","","","","","","","","","","","","","","","0.8","","","","","","","","","","195.7","","","","","882.1","","","1238.6","","1350","","","","",
"Macao SAR, China","MAC","Other greenhouse gas emissions, HFC, PFC and SF6 (thousand metric tons of CO2 equivalent)","EN.ATM.GHGO.KT.CE","","","","","","","","","","","","","","","","","","","","","","","","","","","","","","","","","","","","","","","","","","","","","","","","","","","","","","","",
"St. Martin (French part)","MAF","Other greenhouse gas emissions, HFC, PFC and SF6 (thousand metric tons of CO2 equivalent)","EN.ATM.GHGO.KT.CE","","","","","","","","","","","","","","","","","","","","","","","","","","","","","","","","","","","","","","","","","","","","","","","","","","","","","","","",
"Morocco","MAR","Other greenhouse gas emissions, HFC, PFC and SF6 (thousand metric tons of CO2 equivalent)","EN.ATM.GHGO.KT.CE","","","","","","","","","","","","","","","","","","","","","","","","","","","","","","","0","","","","","","","","","","0","","","","","0","","","0","","0","","","","",
"Monaco","MCO","Other greenhouse gas emissions, HFC, PFC and SF6 (thousand metric tons of CO2 equivalent)","EN.ATM.GHGO.KT.CE","","","","","","","","","","","","","","","","","","","","","","","","","","","","","","","","","","","","","","","","","","","","","","","","","","","","","","","",
"Moldova","MDA","Other greenhouse gas emissions, HFC, PFC and SF6 (thousand metric tons of CO2 equivalent)","EN.ATM.GHGO.KT.CE","","","","","","","","","","","","","","","","","","","","","","","","","","","","","","","0","","","","","","","","","","1.9","","","","","8","","","11.3","","14","","","","",
"Madagascar","MDG","Other greenhouse gas emissions, HFC, PFC and SF6 (thousand metric tons of CO2 equivalent)","EN.ATM.GHGO.KT.CE","","","","","","","","","","","","","","","","","","","","","","","","","","","","","","","","","","","","","","","","","","","","","","","","","","","","","","","",
"Maldives","MDV","Other greenhouse gas emissions, HFC, PFC and SF6 (thousand metric tons of CO2 equivalent)","EN.ATM.GHGO.KT.CE","","","","","","","","","","","","","","","","","","","","","","","","","","","","","","","","","","","","","","","","","","","","","","","","","","","","","","","",
"Middle East & North Africa (all income levels)","MEA","Other greenhouse gas emissions, HFC, PFC and SF6 (thousand metric tons of CO2 equivalent)","EN.ATM.GHGO.KT.CE","","","","","","","","","","","","","","","","","","","","","","","","","","","","","","","12635.6","","","","","","","","","","9923.6","","","","","13312","","","15953","","17734","","","","",
"Mexico","MEX","Other greenhouse gas emissions, HFC, PFC and SF6 (thousand metric tons of CO2 equivalent)","EN.ATM.GHGO.KT.CE","","","","","","","","","","","","","","","","","","","","","","","","","","","","","","","2965.8","","","","","","","","","","4733.2","","","","","7479.5","","","9265.8","","9033","","","","",
"Marshall Islands","MHL","Other greenhouse gas emissions, HFC, PFC and SF6 (thousand metric tons of CO2 equivalent)","EN.ATM.GHGO.KT.CE","","","","","","","","","","","","","","","","","","","","","","","","","","","","","","","","","","","","","","","","","","","","","","","","","","","","","","","",
"Middle income","MIC","Other greenhouse gas emissions, HFC, PFC and SF6 (thousand metric tons of CO2 equivalent)","EN.ATM.GHGO.KT.CE","","","","","","","","","","","","","","","","","","","","","","","","","","","","","","","56174.4","","","","","","","","","","98595.8","","","","","248286.6","","","289220.6","","332238","","","","",
"Macedonia, FYR","MKD","Other greenhouse gas emissions, HFC, PFC and SF6 (thousand metric tons of CO2 equivalent)","EN.ATM.GHGO.KT.CE","","","","","","","","","","","","","","","","","","","","","","","","","","","","","","","0","","","","","","","","","","51.8","","","","","119.1","","","157.6","","185","","","","",
"Mali","MLI","Other greenhouse gas emissions, HFC, PFC and SF6 (thousand metric tons of CO2 equivalent)","EN.ATM.GHGO.KT.CE","","","","","","","","","","","","","","","","","","","","","","","","","","","","","","","","","","","","","","","","","","","","","","","","","","","","","","","",
"Malta","MLT","Other greenhouse gas emissions, HFC, PFC and SF6 (thousand metric tons of CO2 equivalent)","EN.ATM.GHGO.KT.CE","","","","","","","","","","","","","","","","","","","","","","","","","","","","","","","0","","","","","","","","","","50","","","","","114.2","","","153.2","","173","","","","",
"Myanmar","MMR","Other greenhouse gas emissions, HFC, PFC and SF6 (thousand metric tons of CO2 equivalent)","EN.ATM.GHGO.KT.CE","","","","","","","","","","","","","","","","","","","","","","","","","","","","","","","0","","","","","","","","","","0","","","","","0","","","0","","0","","","","",
"Middle East & North Africa (developing only)","MNA","Other greenhouse gas emissions, HFC, PFC and SF6 (thousand metric tons of CO2 equivalent)","EN.ATM.GHGO.KT.CE","","","","","","","","","","","","","","","","","","","","","","","","","","","","","","","5502.6","","","","","","","","","","5124.9","","","","","6617.8","","","7657.2","","8356","","","","",
"Montenegro","MNE","Other greenhouse gas emissions, HFC, PFC and SF6 (thousand metric tons of CO2 equivalent)","EN.ATM.GHGO.KT.CE","","","","","","","","","","","","","","","","","","","","","","","","","","","","","","","","","","","","","","","","","","","","","","","","","","","0","","","","",
"Mongolia","MNG","Other greenhouse gas emissions, HFC, PFC and SF6 (thousand metric tons of CO2 equivalent)","EN.ATM.GHGO.KT.CE","","","","","","","","","","","","","","","","","","","","","","","","","","","","","","","0","","","","","","","","","","0","","","","","0","","","0","","0","","","","",
"Northern Mariana Islands","MNP","Other greenhouse gas emissions, HFC, PFC and SF6 (thousand metric tons of CO2 equivalent)","EN.ATM.GHGO.KT.CE","","","","","","","","","","","","","","","","","","","","","","","","","","","","","","","","","","","","","","","","","","","","","","","","","","","","","","","",
"Mozambique","MOZ","Other greenhouse gas emissions, HFC, PFC and SF6 (thousand metric tons of CO2 equivalent)","EN.ATM.GHGO.KT.CE","","","","","","","","","","","","","","","","","","","","","","","","","","","","","","","0","","","","","","","","","","43.7","","","","","281.1","","","306.8","","338","","","","",
"Mauritania","MRT","Other greenhouse gas emissions, HFC, PFC and SF6 (thousand metric tons of CO2 equivalent)","EN.ATM.GHGO.KT.CE","","","","","","","","","","","","","","","","","","","","","","","","","","","","","","","","","","","","","","","","","","","","","","","","","","","","","","","",
"Mauritius","MUS","Other greenhouse gas emissions, HFC, PFC and SF6 (thousand metric tons of CO2 equivalent)","EN.ATM.GHGO.KT.CE","","","","","","","","","","","","","","","","","","","","","","","","","","","","","","","","","","","","","","","","","","","","","","","","","","","","","","","",
"Malawi","MWI","Other greenhouse gas emissions, HFC, PFC and SF6 (thousand metric tons of CO2 equivalent)","EN.ATM.GHGO.KT.CE","","","","","","","","","","","","","","","","","","","","","","","","","","","","","","","","","","","","","","","","","","","","","","","","","","","","","","","",
"Malaysia","MYS","Other greenhouse gas emissions, HFC, PFC and SF6 (thousand metric tons of CO2 equivalent)","EN.ATM.GHGO.KT.CE","","","","","","","","","","","","","","","","","","","","","","","","","","","","","","","597.8","","","","","","","","","","525.7","","","","","994","","","1286.7","","1195","","","","",
"North America","NAC","Other greenhouse gas emissions, HFC, PFC and SF6 (thousand metric tons of CO2 equivalent)","EN.ATM.GHGO.KT.CE","","","","","","","","","","","","","","","","","","","","","","","","","","","","","","","105200.2","","","","","","","","","","191581.9","","","","","259581.8","","","316546.9","","378296","","","","",
"Namibia","NAM","Other greenhouse gas emissions, HFC, PFC and SF6 (thousand metric tons of CO2 equivalent)","EN.ATM.GHGO.KT.CE","","","","","","","","","","","","","","","","","","","","","","","","","","","","","","","0","","","","","","","","","","0","","","","","0","","","0","","0","","","","",
"New Caledonia","NCL","Other greenhouse gas emissions, HFC, PFC and SF6 (thousand metric tons of CO2 equivalent)","EN.ATM.GHGO.KT.CE","","","","","","","","","","","","","","","","","","","","","","","","","","","","","","","","","","","","","","","","","","","","","","","","","","","","","","","",
"Niger","NER","Other greenhouse gas emissions, HFC, PFC and SF6 (thousand metric tons of CO2 equivalent)","EN.ATM.GHGO.KT.CE","","","","","","","","","","","","","","","","","","","","","","","","","","","","","","","","","","","","","","","","","","","","","","","","","","","","","","","",
"Nigeria","NGA","Other greenhouse gas emissions, HFC, PFC and SF6 (thousand metric tons of CO2 equivalent)","EN.ATM.GHGO.KT.CE","","","","","","","","","","","","","","","","","","","","","","","","","","","","","","","241.9","","","","","","","","","","270.9","","","","","665.7","","","875.2","","1023","","","","",
"Nicaragua","NIC","Other greenhouse gas emissions, HFC, PFC and SF6 (thousand metric tons of CO2 equivalent)","EN.ATM.GHGO.KT.CE","","","","","","","","","","","","","","","","","","","","","","","","","","","","","","","0","","","","","","","","","","0","","","","","0","","","0","","0","","","","",
"Netherlands","NLD","Other greenhouse gas emissions, HFC, PFC and SF6 (thousand metric tons of CO2 equivalent)","EN.ATM.GHGO.KT.CE","","","","","","","","","","","","","","","","","","","","","","","","","","","","","","","6180.4","","","","","","","","","","7462.9","","","","","3597.8","","","4459.4","","5074","","","","",
"High income: nonOECD","NOC","Other greenhouse gas emissions, HFC, PFC and SF6 (thousand metric tons of CO2 equivalent)","EN.ATM.GHGO.KT.CE","","","","","","","","","","","","","","","","","","","","","","","","","","","","","","","","","","","","","","","","","","","","","","","","","","","","","","","",
"Norway","NOR","Other greenhouse gas emissions, HFC, PFC and SF6 (thousand metric tons of CO2 equivalent)","EN.ATM.GHGO.KT.CE","","","","","","","","","","","","","","","","","","","","","","","","","","","","","","","8579.3","","","","","","","","","","5742.8","","","","","5218.5","","","5179.9","","1823","","","","",
"Nepal","NPL","Other greenhouse gas emissions, HFC, PFC and SF6 (thousand metric tons of CO2 equivalent)","EN.ATM.GHGO.KT.CE","","","","","","","","","","","","","","","","","","","","","","","","","","","","","","","0","","","","","","","","","","0","","","","","0","","","0","","0","","","","",
"New Zealand","NZL","Other greenhouse gas emissions, HFC, PFC and SF6 (thousand metric tons of CO2 equivalent)","EN.ATM.GHGO.KT.CE","","","","","","","","","","","","","","","","","","","","","","","","","","","","","","","941.4","","","","","","","","","","758.3","","","","","966.7","","","1199.3","","1475","","","","",
"High income: OECD","OEC","Other greenhouse gas emissions, HFC, PFC and SF6 (thousand metric tons of CO2 equivalent)","EN.ATM.GHGO.KT.CE","","","","","","","","","","","","","","","","","","","","","","","","","","","","","","","207897.7","","","","","","","","","","347214.6","","","","","429718.5","","","521552.5","","597462","","","","",
"OECD members","OED","Other greenhouse gas emissions, HFC, PFC and SF6 (thousand metric tons of CO2 equivalent)","EN.ATM.GHGO.KT.CE","","","","","","","","","","","","","","","","","","","","","","","","","","","","","","","213436.2","","","","","","","","","","354486.3","","","","","442239.3","","","537259.3","","613711","","","","",
"Oman","OMN","Other greenhouse gas emissions, HFC, PFC and SF6 (thousand metric tons of CO2 equivalent)","EN.ATM.GHGO.KT.CE","","","","","","","","","","","","","","","","","","","","","","","","","","","","","","","0","","","","","","","","","","8.6","","","","","173.6","","","266.9","","361","","","","",
"Other small states","OSS","Other greenhouse gas emissions, HFC, PFC and SF6 (thousand metric tons of CO2 equivalent)","EN.ATM.GHGO.KT.CE","","","","","","","","","","","","","","","","","","","","","","","","","","","","","","","","","","","","","","","","","","","","","","","","","","","","","","","",
"Pakistan","PAK","Other greenhouse gas emissions, HFC, PFC and SF6 (thousand metric tons of CO2 equivalent)","EN.ATM.GHGO.KT.CE","","","","","","","","","","","","","","","","","","","","","","","","","","","","","","","1009","","","","","","","","","","347.2","","","","","819.4","","","951.6","","1036","","","","",
"Panama","PAN","Other greenhouse gas emissions, HFC, PFC and SF6 (thousand metric tons of CO2 equivalent)","EN.ATM.GHGO.KT.CE","","","","","","","","","","","","","","","","","","","","","","","","","","","","","","","0","","","","","","","","","","0","","","","","0","","","0","","0","","","","",
"Peru","PER","Other greenhouse gas emissions, HFC, PFC and SF6 (thousand metric tons of CO2 equivalent)","EN.ATM.GHGO.KT.CE","","","","","","","","","","","","","","","","","","","","","","","","","","","","","","","0","","","","","","","","","","103.1","","","","","327.6","","","452","","539","","","","",
"Philippines","PHL","Other greenhouse gas emissions, HFC, PFC and SF6 (thousand metric tons of CO2 equivalent)","EN.ATM.GHGO.KT.CE","","","","","","","","","","","","","","","","","","","","","","","","","","","","","","","161.9","","","","","","","","","","221.4","","","","","365.3","","","421.7","","459","","","","",
"Palau","PLW","Other greenhouse gas emissions, HFC, PFC and SF6 (thousand metric tons of CO2 equivalent)","EN.ATM.GHGO.KT.CE","","","","","","","","","","","","","","","","","","","","","","","","","","","","","","","","","","","","","","","","","","","","","","","","","","","","","","","",
"Papua New Guinea","PNG","Other greenhouse gas emissions, HFC, PFC and SF6 (thousand metric tons of CO2 equivalent)","EN.ATM.GHGO.KT.CE","","","","","","","","","","","","","","","","","","","","","","","","","","","","","","","","","","","","","","","","","","","","","","","","","","","","","","","",
"Poland","POL","Other greenhouse gas emissions, HFC, PFC and SF6 (thousand metric tons of CO2 equivalent)","EN.ATM.GHGO.KT.CE","","","","","","","","","","","","","","","","","","","","","","","","","","","","","","","532.2","","","","","","","","","","1376.3","","","","","2547.9","","","3249.8","","2582","","","","",
"Puerto Rico","PRI","Other greenhouse gas emissions, HFC, PFC and SF6 (thousand metric tons of CO2 equivalent)","EN.ATM.GHGO.KT.CE","","","","","","","","","","","","","","","","","","","","","","","","","","","","","","","","","","","","","","","","","","","","","","","","","","","","","","","",
"Korea, Dem. Rep.","PRK","Other greenhouse gas emissions, HFC, PFC and SF6 (thousand metric tons of CO2 equivalent)","EN.ATM.GHGO.KT.CE","","","","","","","","","","","","","","","","","","","","","","","","","","","","","","","0.2","","","","","","","","","","1760.1","","","","","2787.1","","","3693.8","","4236","","","","",
"Portugal","PRT","Other greenhouse gas emissions, HFC, PFC and SF6 (thousand metric tons of CO2 equivalent)","EN.ATM.GHGO.KT.CE","","","","","","","","","","","","","","","","","","","","","","","","","","","","","","","110.8","","","","","","","","","","505.3","","","","","776.9","","","1012.7","","1248","","","","",
"Paraguay","PRY","Other greenhouse gas emissions, HFC, PFC and SF6 (thousand metric tons of CO2 equivalent)","EN.ATM.GHGO.KT.CE","","","","","","","","","","","","","","","","","","","","","","","","","","","","","","","0","","","","","","","","","","0","","","","","0","","","0","","0","","","","",
"Pacific island small states","PSS","Other greenhouse gas emissions, HFC, PFC and SF6 (thousand metric tons of CO2 equivalent)","EN.ATM.GHGO.KT.CE","","","","","","","","","","","","","","","","","","","","","","","","","","","","","","","","","","","","","","","","","","","","","","","","","","","","","","","",
"French Polynesia","PYF","Other greenhouse gas emissions, HFC, PFC and SF6 (thousand metric tons of CO2 equivalent)","EN.ATM.GHGO.KT.CE","","","","","","","","","","","","","","","","","","","","","","","","","","","","","","","","","","","","","","","","","","","","","","","","","","","","","","","",
"Qatar","QAT","Other greenhouse gas emissions, HFC, PFC and SF6 (thousand metric tons of CO2 equivalent)","EN.ATM.GHGO.KT.CE","","","","","","","","","","","","","","","","","","","","","","","","","","","","","","","0","","","","","","","","","","0","","","","","0","","","0","","0","","","","",
"Romania","ROU","Other greenhouse gas emissions, HFC, PFC and SF6 (thousand metric tons of CO2 equivalent)","EN.ATM.GHGO.KT.CE","","","","","","","","","","","","","","","","","","","","","","","","","","","","","","","2007.7","","","","","","","","","","795.1","","","","","742.3","","","970.3","","975","","","","",
"Russian Federation","RUS","Other greenhouse gas emissions, HFC, PFC and SF6 (thousand metric tons of CO2 equivalent)","EN.ATM.GHGO.KT.CE","","","","","","","","","","","","","","","","","","","","","","","","","","","","","","","25788.6","","","","","","","","","","50688","","","","","60112.5","","","66127.5","","57079","","","","",
"Rwanda","RWA","Other greenhouse gas emissions, HFC, PFC and SF6 (thousand metric tons of CO2 equivalent)","EN.ATM.GHGO.KT.CE","","","","","","","","","","","","","","","","","","","","","","","","","","","","","","","","","","","","","","","","","","","","","","","","","","","","","","","",
"South Asia","SAS","Other greenhouse gas emissions, HFC, PFC and SF6 (thousand metric tons of CO2 equivalent)","EN.ATM.GHGO.KT.CE","","","","","","","","","","","","","","","","","","","","","","","","","","","","","","","10572.6","","","","","","","","","","13897.9","","","","","16359.1","","","21358.5","","21973","","","","",
"Saudi Arabia","SAU","Other greenhouse gas emissions, HFC, PFC and SF6 (thousand metric tons of CO2 equivalent)","EN.ATM.GHGO.KT.CE","","","","","","","","","","","","","","","","","","","","","","","","","","","","","","","2441.4","","","","","","","","","","1340.1","","","","","2170.7","","","2588.3","","2874","","","","",
"Sudan","SDN","Other greenhouse gas emissions, HFC, PFC and SF6 (thousand metric tons of CO2 equivalent)","EN.ATM.GHGO.KT.CE","","","","","","","","","","","","","","","","","","","","","","","","","","","","","","","0","","","","","","","","","","0","","","","","0","","","0","","0","","","","",
"Senegal","SEN","Other greenhouse gas emissions, HFC, PFC and SF6 (thousand metric tons of CO2 equivalent)","EN.ATM.GHGO.KT.CE","","","","","","","","","","","","","","","","","","","","","","","","","","","","","","","0","","","","","","","","","","0","","","","","0","","","0","","0","","","","",
"Singapore","SGP","Other greenhouse gas emissions, HFC, PFC and SF6 (thousand metric tons of CO2 equivalent)","EN.ATM.GHGO.KT.CE","","","","","","","","","","","","","","","","","","","","","","","","","","","","","","","501.5","","","","","","","","","","1409.6","","","","","2496.4","","","3266.4","","3296","","","","",
"Solomon Islands","SLB","Other greenhouse gas emissions, HFC, PFC and SF6 (thousand metric tons of CO2 equivalent)","EN.ATM.GHGO.KT.CE","","","","","","","","","","","","","","","","","","","","","","","","","","","","","","","","","","","","","","","","","","","","","","","","","","","","","","","",
"Sierra Leone","SLE","Other greenhouse gas emissions, HFC, PFC and SF6 (thousand metric tons of CO2 equivalent)","EN.ATM.GHGO.KT.CE","","","","","","","","","","","","","","","","","","","","","","","","","","","","","","","","","","","","","","","","","","","","","","","","","","","","","","","",
"El Salvador","SLV","Other greenhouse gas emissions, HFC, PFC and SF6 (thousand metric tons of CO2 equivalent)","EN.ATM.GHGO.KT.CE","","","","","","","","","","","","","","","","","","","","","","","","","","","","","","","0","","","","","","","","","","41.4","","","","","76.4","","","99.6","","116","","","","",
"San Marino","SMR","Other greenhouse gas emissions, HFC, PFC and SF6 (thousand metric tons of CO2 equivalent)","EN.ATM.GHGO.KT.CE","","","","","","","","","","","","","","","","","","","","","","","","","","","","","","","","","","","","","","","","","","","","","","","","","","","","","","","",
"Somalia","SOM","Other greenhouse gas emissions, HFC, PFC and SF6 (thousand metric tons of CO2 equivalent)","EN.ATM.GHGO.KT.CE","","","","","","","","","","","","","","","","","","","","","","","","","","","","","","","","","","","","","","","","","","","","","","","","","","","","","","","",
"Serbia","SRB","Other greenhouse gas emissions, HFC, PFC and SF6 (thousand metric tons of CO2 equivalent)","EN.ATM.GHGO.KT.CE","","","","","","","","","","","","","","","","","","","","","","","","","","","","","","","762.4","","","","","","","","","","1968.1","","","","","4422.8","","","6111.3","","7338","","","","",
"Sub-Saharan Africa (developing only)","SSA","Other greenhouse gas emissions, HFC, PFC and SF6 (thousand metric tons of CO2 equivalent)","EN.ATM.GHGO.KT.CE","","","","","","","","","","","","","","","","","","","","","","","","","","","","","","","","","","","","","","","","","","","","","","","","","","","","","","","",
"South Sudan","SSD","Other greenhouse gas emissions, HFC, PFC and SF6 (thousand metric tons of CO2 equivalent)","EN.ATM.GHGO.KT.CE","","","","","","","","","","","","","","","","","","","","","","","","","","","","","","","","","","","","","","","","","","","","","","","","","","","","","","","",
"Sub-Saharan Africa (all income levels)","SSF","Other greenhouse gas emissions, HFC, PFC and SF6 (thousand metric tons of CO2 equivalent)","EN.ATM.GHGO.KT.CE","","","","","","","","","","","","","","","","","","","","","","","","","","","","","","","","","","","","","","","","","","","","","","","","","","","","","","","",
"Small states","SST","Other greenhouse gas emissions, HFC, PFC and SF6 (thousand metric tons of CO2 equivalent)","EN.ATM.GHGO.KT.CE","","","","","","","","","","","","","","","","","","","","","","","","","","","","","","","","","","","","","","","","","","","","","","","","","","","","","","","",
"Sao Tome and Principe","STP","Other greenhouse gas emissions, HFC, PFC and SF6 (thousand metric tons of CO2 equivalent)","EN.ATM.GHGO.KT.CE","","","","","","","","","","","","","","","","","","","","","","","","","","","","","","","","","","","","","","","","","","","","","","","","","","","","","","","",
"Suriname","SUR","Other greenhouse gas emissions, HFC, PFC and SF6 (thousand metric tons of CO2 equivalent)","EN.ATM.GHGO.KT.CE","","","","","","","","","","","","","","","","","","","","","","","","","","","","","","","","","","","","","","","","","","","","","","","","","","","","","","","",
"Slovak Republic","SVK","Other greenhouse gas emissions, HFC, PFC and SF6 (thousand metric tons of CO2 equivalent)","EN.ATM.GHGO.KT.CE","","","","","","","","","","","","","","","","","","","","","","","","","","","","","","","68.3","","","","","","","","","","185.6","","","","","391.3","","","525.8","","1576","","","","",
"Slovenia","SVN","Other greenhouse gas emissions, HFC, PFC and SF6 (thousand metric tons of CO2 equivalent)","EN.ATM.GHGO.KT.CE","","","","","","","","","","","","","","","","","","","","","","","","","","","","","","","769","","","","","","","","","","323.3","","","","","468.9","","","576.7","","601","","","","",
"Sweden","SWE","Other greenhouse gas emissions, HFC, PFC and SF6 (thousand metric tons of CO2 equivalent)","EN.ATM.GHGO.KT.CE","","","","","","","","","","","","","","","","","","","","","","","","","","","","","","","888.6","","","","","","","","","","1485.3","","","","","2068.4","","","2340.9","","2198","","","","",
"Swaziland","SWZ","Other greenhouse gas emissions, HFC, PFC and SF6 (thousand metric tons of CO2 equivalent)","EN.ATM.GHGO.KT.CE","","","","","","","","","","","","","","","","","","","","","","","","","","","","","","","","","","","","","","","","","","","","","","","","","","","","","","","",
"Sint Maarten (Dutch part)","SXM","Other greenhouse gas emissions, HFC, PFC and SF6 (thousand metric tons of CO2 equivalent)","EN.ATM.GHGO.KT.CE","","","","","","","","","","","","","","","","","","","","","","","","","","","","","","","","","","","","","","","","","","","","","","","","","","","","","","","",
"Seychelles","SYC","Other greenhouse gas emissions, HFC, PFC and SF6 (thousand metric tons of CO2 equivalent)","EN.ATM.GHGO.KT.CE","","","","","","","","","","","","","","","","","","","","","","","","","","","","","","","","","","","","","","","","","","","","","","","","","","","","","","","",
"Syrian Arab Republic","SYR","Other greenhouse gas emissions, HFC, PFC and SF6 (thousand metric tons of CO2 equivalent)","EN.ATM.GHGO.KT.CE","","","","","","","","","","","","","","","","","","","","","","","","","","","","","","","0","","","","","","","","","","0","","","","","0","","","0","","0","","","","",
"Turks and Caicos Islands","TCA","Other greenhouse gas emissions, HFC, PFC and SF6 (thousand metric tons of CO2 equivalent)","EN.ATM.GHGO.KT.CE","","","","","","","","","","","","","","","","","","","","","","","","","","","","","","","","","","","","","","","","","","","","","","","","","","","","","","","",
"Chad","TCD","Other greenhouse gas emissions, HFC, PFC and SF6 (thousand metric tons of CO2 equivalent)","EN.ATM.GHGO.KT.CE","","","","","","","","","","","","","","","","","","","","","","","","","","","","","","","","","","","","","","","","","","","","","","","","","","","","","","","",
"Togo","TGO","Other greenhouse gas emissions, HFC, PFC and SF6 (thousand metric tons of CO2 equivalent)","EN.ATM.GHGO.KT.CE","","","","","","","","","","","","","","","","","","","","","","","","","","","","","","","0","","","","","","","","","","0","","","","","0","","","0","","0","","","","",
"Thailand","THA","Other greenhouse gas emissions, HFC, PFC and SF6 (thousand metric tons of CO2 equivalent)","EN.ATM.GHGO.KT.CE","","","","","","","","","","","","","","","","","","","","","","","","","","","","","","","1429.5","","","","","","","","","","453.1","","","","","1103.9","","","1274.5","","1388","","","","",
"Tajikistan","TJK","Other greenhouse gas emissions, HFC, PFC and SF6 (thousand metric tons of CO2 equivalent)","EN.ATM.GHGO.KT.CE","","","","","","","","","","","","","","","","","","","","","","","","","","","","","","","2806.1","","","","","","","","","","798","","","","","383","","","348.3","","361","","","","",
"Turkmenistan","TKM","Other greenhouse gas emissions, HFC, PFC and SF6 (thousand metric tons of CO2 equivalent)","EN.ATM.GHGO.KT.CE","","","","","","","","","","","","","","","","","","","","","","","","","","","","","","","0","","","","","","","","","","10.9","","","","","72.9","","","112.2","","139","","","","",
"Timor-Leste","TLS","Other greenhouse gas emissions, HFC, PFC and SF6 (thousand metric tons of CO2 equivalent)","EN.ATM.GHGO.KT.CE","","","","","","","","","","","","","","","","","","","","","","","","","","","","","","","","","","","","","","","","","","","","","","","","","","","","","","","",
"Tonga","TON","Other greenhouse gas emissions, HFC, PFC and SF6 (thousand metric tons of CO2 equivalent)","EN.ATM.GHGO.KT.CE","","","","","","","","","","","","","","","","","","","","","","","","","","","","","","","","","","","","","","","","","","","","","","","","","","","","","","","",
"Trinidad and Tobago","TTO","Other greenhouse gas emissions, HFC, PFC and SF6 (thousand metric tons of CO2 equivalent)","EN.ATM.GHGO.KT.CE","","","","","","","","","","","","","","","","","","","","","","","","","","","","","","","0","","","","","","","","","","0","","","","","0","","","0","","0","","","","",
"Tunisia","TUN","Other greenhouse gas emissions, HFC, PFC and SF6 (thousand metric tons of CO2 equivalent)","EN.ATM.GHGO.KT.CE","","","","","","","","","","","","","","","","","","","","","","","","","","","","","","","0","","","","","","","","","","0","","","","","0","","","0","","0","","","","",
"Turkey","TUR","Other greenhouse gas emissions, HFC, PFC and SF6 (thousand metric tons of CO2 equivalent)","EN.ATM.GHGO.KT.CE","","","","","","","","","","","","","","","","","","","","","","","","","","","","","","","2572.7","","","","","","","","","","2538.5","","","","","5041.3","","","6441","","7216","","","","",
"Tuvalu","TUV","Other greenhouse gas emissions, HFC, PFC and SF6 (thousand metric tons of CO2 equivalent)","EN.ATM.GHGO.KT.CE","","","","","","","","","","","","","","","","","","","","","","","","","","","","","","","","","","","","","","","","","","","","","","","","","","","","","","","",
"Taiwan, China","TWN","Other greenhouse gas emissions, HFC, PFC and SF6 (thousand metric tons of CO2 equivalent)","EN.ATM.GHGO.KT.CE","","","","","","","","","","","","","","","","","","","","","","","","","","","","","","","","","","","","","","","","","","","","","","","","","","","","","","","",
"Tanzania","TZA","Other greenhouse gas emissions, HFC, PFC and SF6 (thousand metric tons of CO2 equivalent)","EN.ATM.GHGO.KT.CE","","","","","","","","","","","","","","","","","","","","","","","","","","","","","","","0","","","","","","","","","","0","","","","","0","","","0","","0","","","","",
"Uganda","UGA","Other greenhouse gas emissions, HFC, PFC and SF6 (thousand metric tons of CO2 equivalent)","EN.ATM.GHGO.KT.CE","","","","","","","","","","","","","","","","","","","","","","","","","","","","","","","","","","","","","","","","","","","","","","","","","","","","","","","",
"Ukraine","UKR","Other greenhouse gas emissions, HFC, PFC and SF6 (thousand metric tons of CO2 equivalent)","EN.ATM.GHGO.KT.CE","","","","","","","","","","","","","","","","","","","","","","","","","","","","","","","224.1","","","","","","","","","","454.2","","","","","699.3","","","930.6","","989","","","","",
"Upper middle income","UMC","Other greenhouse gas emissions, HFC, PFC and SF6 (thousand metric tons of CO2 equivalent)","EN.ATM.GHGO.KT.CE","","","","","","","","","","","","","","","","","","","","","","","","","","","","","","","36868","","","","","","","","","","78281.5","","","","","223633.2","","","257953.6","","299395","","","","",
"Uruguay","URY","Other greenhouse gas emissions, HFC, PFC and SF6 (thousand metric tons of CO2 equivalent)","EN.ATM.GHGO.KT.CE","","","","","","","","","","","","","","","","","","","","","","","","","","","","","","","0","","","","","","","","","","29.3","","","","","58.7","","","71.8","","81","","","","",
"United States","USA","Other greenhouse gas emissions, HFC, PFC and SF6 (thousand metric tons of CO2 equivalent)","EN.ATM.GHGO.KT.CE","","","","","","","","","","","","","","","","","","","","","","","","","","","","","","","92209.6","","","","","","","","","","173334.1","","","","","237251.6","","","290919.6","","348460","","","","",
"Uzbekistan","UZB","Other greenhouse gas emissions, HFC, PFC and SF6 (thousand metric tons of CO2 equivalent)","EN.ATM.GHGO.KT.CE","","","","","","","","","","","","","","","","","","","","","","","","","","","","","","","0","","","","","","","","","","192","","","","","603.2","","","825.6","","981","","","","",
"St. Vincent and the Grenadines","VCT","Other greenhouse gas emissions, HFC, PFC and SF6 (thousand metric tons of CO2 equivalent)","EN.ATM.GHGO.KT.CE","","","","","","","","","","","","","","","","","","","","","","","","","","","","","","","","","","","","","","","","","","","","","","","","","","","","","","","",
"Venezuela, RB","VEN","Other greenhouse gas emissions, HFC, PFC and SF6 (thousand metric tons of CO2 equivalent)","EN.ATM.GHGO.KT.CE","","","","","","","","","","","","","","","","","","","","","","","","","","","","","","","3248.1","","","","","","","","","","1124.5","","","","","1249.6","","","1854.3","","2308","","","","",
"Virgin Islands (U.S.)","VIR","Other greenhouse gas emissions, HFC, PFC and SF6 (thousand metric tons of CO2 equivalent)","EN.ATM.GHGO.KT.CE","","","","","","","","","","","","","","","","","","","","","","","","","","","","","","","","","","","","","","","","","","","","","","","","","","","","","","","",
"Vietnam","VNM","Other greenhouse gas emissions, HFC, PFC and SF6 (thousand metric tons of CO2 equivalent)","EN.ATM.GHGO.KT.CE","","","","","","","","","","","","","","","","","","","","","","","","","","","","","","","0","","","","","","","","","","0","","","","","0","","","0","","0","","","","",
"Vanuatu","VUT","Other greenhouse gas emissions, HFC, PFC and SF6 (thousand metric tons of CO2 equivalent)","EN.ATM.GHGO.KT.CE","","","","","","","","","","","","","","","","","","","","","","","","","","","","","","","","","","","","","","","","","","","","","","","","","","","","","","","",
"West Bank and Gaza","PSE","Other greenhouse gas emissions, HFC, PFC and SF6 (thousand metric tons of CO2 equivalent)","EN.ATM.GHGO.KT.CE","","","","","","","","","","","","","","","","","","","","","","","","","","","","","","","","","","","","","","","","","","","","","","","","","","","","","","","",
"World","WLD","Other greenhouse gas emissions, HFC, PFC and SF6 (thousand metric tons of CO2 equivalent)","EN.ATM.GHGO.KT.CE","","","","","","","","","","","","","","","","","","","","","","","","","","","","","","","305330.4","","","","","","","","","","510902","","","","","759146","","","903983.6","","1015443","","","","",
"Samoa","WSM","Other greenhouse gas emissions, HFC, PFC and SF6 (thousand metric tons of CO2 equivalent)","EN.ATM.GHGO.KT.CE","","","","","","","","","","","","","","","","","","","","","","","","","","","","","","","","","","","","","","","","","","","","","","","","","","","","","","","",
"Yemen, Rep.","YEM","Other greenhouse gas emissions, HFC, PFC and SF6 (thousand metric tons of CO2 equivalent)","EN.ATM.GHGO.KT.CE","","","","","","","","","","","","","","","","","","","","","","","","","","","","","","","0","","","","","","","","","","0","","","","","0","","","0","","0","","","","",
"South Africa","ZAF","Other greenhouse gas emissions, HFC, PFC and SF6 (thousand metric tons of CO2 equivalent)","EN.ATM.GHGO.KT.CE","","","","","","","","","","","","","","","","","","","","","","","","","","","","","","","1491.1","","","","","","","","","","1728.8","","","","","2544","","","2914.4","","3210","","","","",
"Congo, Dem. Rep.","COD","Other greenhouse gas emissions, HFC, PFC and SF6 (thousand metric tons of CO2 equivalent)","EN.ATM.GHGO.KT.CE","","","","","","","","","","","","","","","","","","","","","","","","","","","","","","","0","","","","","","","","","","0","","","","","0","","","0","","0","","","","",
"Zambia","ZMB","Other greenhouse gas emissions, HFC, PFC and SF6 (thousand metric tons of CO2 equivalent)","EN.ATM.GHGO.KT.CE","","","","","","","","","","","","","","","","","","","","","","","","","","","","","","","0","","","","","","","","","","0.1","","","","","0.4","","","0.5","","1","","","","",
"Zimbabwe","ZWE","Other greenhouse gas emissions, HFC, PFC and SF6 (thousand metric tons of CO2 equivalent)","EN.ATM.GHGO.KT.CE","","","","","","","","","","","","","","","","","","","","","","","","","","","","","","","0","","","","","","","","","","0","","","","","0","","","0","","0","","","","",
